Player,Tm,G,MP,PTS,TRB,AST,STL,BLK,FG%,3P%,FT%,WS,WS/48,VORP,BPM,Team Wins,Overall Seed,All-Star
Nikola Jokić\jokicni01,DEN,74,33.5,27.1,13.8,7.9,1.5,0.9,0.583,0.337,0.81,15.2,0.296,9.8,13.7,48,6,1
Giannis Antetokounmpo\antetgi01,MIL,67,32.9,29.9,11.6,5.8,1.1,1.4,0.553,0.293,0.722,12.9,0.281,7.4,11.2,51,3,1
Joel Embiid\embiijo01,PHI,68,33.8,30.6,11.7,4.2,1.1,1.5,0.499,0.371,0.814,12,0.252,6.5,9.2,51,4,1
Rudy Gobert\goberru01,UTA,66,32.1,15.6,14.7,1.1,0.7,2.1,0.713,0,0.69,11.7,0.264,3.6,4.6,49,5,1
Karl-Anthony Towns\townska01,MIN,74,33.5,24.6,9.8,3.6,1,1.1,0.529,0.41,0.822,10.3,0.199,4.4,5,46,7,1
Trae Young\youngtr01,ATL,76,34.9,28.4,3.7,9.7,0.9,0.1,0.46,0.382,0.904,10,0.181,4.8,5.2,43,9,1
Robert Williams\williro04,BOS,61,29.6,10,9.6,2,0.9,2.2,0.736,0,0.722,9.9,0.262,3.4,5.5,51,2,0
Jayson Tatum\tatumja01,BOS,76,35.9,26.9,8,4.4,1,0.6,0.453,0.353,0.853,9.6,0.169,4.8,4.9,51,2,1
Chris Paul\paulch01,PHO,65,32.9,14.7,4.4,10.8,1.9,0.3,0.493,0.317,0.837,9.4,0.21,4,5.4,64,1,1
Jimmy Butler\butleji01,MIA,57,33.9,21.4,5.9,5.5,1.6,0.5,0.48,0.233,0.87,9.2,0.228,4,6.3,53,1,1
Mikal Bridges\bridgmi01,PHO,82,34.8,14.2,4.2,2.3,1.2,0.4,0.534,0.369,0.834,8.9,0.15,2.6,1.6,64,1,0
DeMar DeRozan\derozde01,CHI,76,36.1,27.9,5.2,4.9,0.9,0.3,0.504,0.352,0.877,8.8,0.154,3.1,2.5,46,6,1
Jarrett Allen\allenja01,CLE,56,32.3,16.1,10.8,1.6,0.8,1.3,0.677,0.1,0.708,8.5,0.225,2.7,3.9,44,8,1
Mitchell Robinson\robinmi01,NYK,72,25.7,8.5,8.6,0.5,0.8,1.8,0.761,,0.486,8.5,0.221,2,2.2,37,11,0
Kevin Durant\duranke01,BRK,55,37.2,29.9,7.4,6.4,0.9,0.9,0.518,0.383,0.91,8.4,0.198,4.8,7.2,44,7,1
Clint Capela\capelca01,ATL,74,27.6,11.1,11.9,1.2,0.7,1.3,0.613,0,0.473,8.3,0.195,2.1,2,43,9,0
Dwight Powell\poweldw01,DAL,82,21.9,8.7,4.9,1.2,0.5,0.5,0.671,0.351,0.783,8.2,0.219,1.3,0.9,52,4,0
Pascal Siakam\siakapa01,TOR,68,37.9,22.8,8.5,5.3,1.3,0.6,0.494,0.344,0.749,8.1,0.151,3.6,3.5,48,5,0
Stephen Curry\curryst01,GSW,64,34.5,25.5,5.2,6.3,1.3,0.4,0.437,0.38,0.923,8,0.173,4.4,5.8,53,3,1
Al Horford\horfoal01,BOS,69,29.1,10.2,7.7,3.4,0.7,1.3,0.467,0.336,0.842,7.6,0.181,3.2,4.3,51,2,0
James Harden\hardeja01,TOT,65,37.2,22,7.7,10.3,1.3,0.6,0.41,0.33,0.877,7.6,0.152,3.7,4.1,51,4,0
Devin Booker\bookede01,PHO,68,34.5,26.8,5,4.8,1.1,0.4,0.466,0.383,0.868,7.6,0.156,3.6,4.1,64,1,1
Luka Dončić\doncilu01,DAL,65,35.4,28.4,9.1,8.7,1.2,0.6,0.457,0.353,0.744,7.6,0.159,5.9,8.2,52,4,1
Jalen Brunson\brunsja01,DAL,79,31.9,16.3,3.9,4.8,0.8,0,0.502,0.373,0.84,7.5,0.143,1.9,0.9,52,4,0
LeBron James\jamesle01,LAL,56,37.2,30.3,8.2,6.2,1.3,1.1,0.524,0.359,0.756,7.5,0.172,5.1,7.7,33,11,1
Montrezl Harrell\harremo01,TOT,71,23.1,13.1,6.1,2,0.4,0.6,0.645,0.235,0.716,7.3,0.213,2.4,3.9,43,10,0
Dejounte Murray\murrade01,SAS,68,34.8,21.1,8.3,9.2,2,0.3,0.462,0.327,0.794,7.3,0.149,4.4,5.4,34,10,0
Tyrese Maxey\maxeyty01,PHI,75,35.3,17.5,3.2,4.3,0.7,0.4,0.485,0.427,0.866,7.3,0.132,1.8,0.6,51,4,0
Deandre Ayton\aytonde01,PHO,58,29.5,17.2,10.2,1.4,0.7,0.7,0.634,0.368,0.746,7.3,0.203,2.1,2.8,64,1,0
Jonas Valančiūnas\valanjo01,NOP,74,30.3,17.8,11.4,2.6,0.6,0.8,0.544,0.361,0.82,7.3,0.156,2.2,1.9,36,9,0
Ivica Zubac\zubaciv01,LAC,76,24.4,10.3,8.5,1.6,0.5,1,0.626,,0.727,7.2,0.187,1.3,0.7,42,8,0
Bam Adebayo\adebaba01,MIA,56,32.6,19.1,10.1,3.4,1.4,0.8,0.557,0,0.753,7.2,0.188,2.7,3.8,53,1,0
Desmond Bane\banede01,MEM,76,29.8,18.2,4.4,2.7,1.2,0.4,0.461,0.436,0.903,7.2,0.153,2.7,2.7,56,2,0
Donovan Mitchell\mitchdo01,UTA,67,33.8,25.9,4.2,5.3,1.5,0.2,0.448,0.355,0.853,7.2,0.152,3.6,4.3,49,5,1
Miles Bridges\bridgmi02,CHO,80,35.5,20.2,7,3.8,0.9,0.8,0.491,0.331,0.802,7.2,0.123,2.5,1.5,43,10,0
Domantas Sabonis\sabondo01,SAC,62,34.5,18.9,12.1,5.2,1,0.4,0.573,0.312,0.741,7.1,0.159,3.2,4.1,30,12,0
Tyrese Haliburton\halibty01,IND,77,35,15.3,4,8.2,1.7,0.6,0.473,0.414,0.842,7,0.125,3.1,2.6,23,13,0
Jrue Holiday\holidjr01,MIL,67,32.9,18.3,4.5,6.8,1.6,0.4,0.501,0.411,0.761,6.9,0.15,2.9,3.2,51,3,0
Jakob Poeltl\poeltja01,SAS,68,29,13.5,9.3,2.8,0.7,1.7,0.618,1,0.495,6.9,0.168,1.7,1.6,34,10,0
Steven Adams\adamsst01,MEM,76,26.3,6.9,10,3.4,0.9,0.8,0.547,0,0.543,6.8,0.163,2,2,56,2,0
Kevon Looney\looneke01,GSW,82,21.1,6,7.3,2,0.6,0.6,0.571,0,0.6,6.8,0.187,1.3,0.9,53,3,0
Fred VanVleet\vanvlfr01,TOR,65,37.9,20.3,4.4,6.7,1.7,0.5,0.403,0.377,0.874,6.7,0.131,3.5,3.6,48,5,1
Ja Morant\moranja01,MEM,57,33.1,27.4,5.7,6.7,1.2,0.4,0.493,0.344,0.761,6.7,0.171,3.9,6.1,56,2,1
Mike Conley\conlemi01,UTA,72,28.6,13.7,3,5.3,1.3,0.3,0.435,0.408,0.796,6.7,0.157,2.7,3.1,49,5,0
Dorian Finney-Smith\finnedo01,DAL,80,33.1,11,4.7,1.9,1.1,0.5,0.471,0.395,0.675,6.6,0.121,1.9,0.8,52,4,0
Scottie Barnes\barnesc01,TOR,74,35.4,15.3,7.5,3.5,1.1,0.7,0.492,0.301,0.735,6.6,0.122,1.9,0.9,48,5,0
Kyle Lowry\lowryky01,MIA,63,33.9,13.4,4.5,7.5,1.1,0.3,0.44,0.377,0.851,6.4,0.143,2.1,1.9,53,1,0
Darius Garland\garlada01,CLE,68,35.7,21.7,3.3,8.6,1.3,0.1,0.462,0.383,0.892,6.3,0.125,2.8,2.6,44,8,1
Brandon Clarke\clarkbr01,MEM,64,19.5,10.4,5.3,1.3,0.6,1.1,0.644,0.227,0.654,6.3,0.241,2,4.2,56,2,0
Alec Burks\burksal01,NYK,81,28.6,11.7,4.9,3,1,0.3,0.391,0.404,0.822,6.1,0.126,1.7,0.8,37,11,0
Harrison Barnes\barneha02,SAC,77,33.6,16.4,5.6,2.4,0.7,0.2,0.469,0.394,0.826,6,0.112,1.4,0.2,30,12,0
Daniel Gafford\gaffoda01,WAS,72,20.1,9.4,5.7,0.9,0.4,1.4,0.693,0,0.699,6,0.198,1.3,1.6,35,12,0
Chris Boucher\bouchch01,TOR,80,21.1,9.4,6.2,0.3,0.6,0.9,0.464,0.297,0.777,6,0.169,0.9,0,48,5,0
Jordan Poole\poolejo01,GSW,76,30,18.5,3.4,4,0.8,0.3,0.448,0.364,0.925,6,0.126,1.7,1,53,3,0
Jarred Vanderbilt\vandeja01,MIN,74,25.4,6.9,8.4,1.3,1.3,0.6,0.587,0.143,0.656,6,0.153,1.1,0.2,46,7,0
Terry Rozier\roziete01,CHO,73,33.7,19.3,4.3,4.5,1.3,0.3,0.444,0.374,0.852,5.9,0.115,2.3,1.7,43,10,0
LaMelo Ball\ballla01,CHO,75,32.3,20.1,6.7,7.6,1.6,0.4,0.429,0.389,0.872,5.8,0.116,3.3,3.4,43,10,1
Hassan Whiteside\whiteha01,UTA,65,17.9,8.2,7.6,0.4,0.3,1.6,0.652,,0.623,5.8,0.238,1.2,2.1,49,5,0
Jaylen Brown\brownja02,BOS,66,33.6,23.6,6.1,3.5,1.1,0.3,0.473,0.358,0.758,5.8,0.124,2.2,2.1,51,2,0
Zach LaVine\lavinza01,CHI,67,34.7,24.4,4.6,4.5,0.6,0.3,0.476,0.389,0.853,5.8,0.12,2.6,2.4,46,6,1
Kevin Love\loveke01,CLE,74,22.5,13.6,7.2,2.2,0.4,0.2,0.43,0.392,0.838,5.7,0.164,2.7,4.5,44,8,0
Domantas Sabonis\sabondo01,IND,47,34.7,18.9,12.1,5,1,0.5,0.58,0.324,0.74,5.7,0.168,2.7,4.6,25,13,0
Marcus Smart\smartma01,BOS,71,32.3,12.1,3.8,5.9,1.7,0.3,0.418,0.331,0.793,5.6,0.116,1.5,0.5,51,2,0
Tobias Harris\harrito02,PHI,73,34.8,17.2,6.8,3.5,0.6,0.6,0.482,0.367,0.842,5.6,0.105,1.3,0,51,4,0
Cameron Johnson\johnsca02,PHO,66,26.2,12.5,4.1,1.5,0.9,0.2,0.46,0.425,0.86,5.6,0.156,2.1,2.7,64,1,0
Gary Trent Jr.\trentga02,TOR,70,35,18.3,2.7,2,1.7,0.3,0.414,0.383,0.853,5.6,0.11,1.3,0.2,48,5,0
Kristaps Porziņģis\porzikr01,WAS,51,29,20.2,8.1,2.3,0.7,1.6,0.459,0.31,0.867,5.6,0.18,2.2,3.9,35,12,0
Terance Mann\mannte01,LAC,81,28.6,10.8,5.2,2.6,0.7,0.3,0.484,0.365,0.78,5.5,0.113,0.8,-0.6,42,8,0
Bobby Portis\portibo01,MIL,72,28.2,14.6,9.1,1.2,0.7,0.7,0.479,0.393,0.752,5.5,0.131,1.1,0.2,51,3,0
Isaiah Hartenstein\harteis01,LAC,68,17.9,8.3,4.9,2.4,0.7,1.1,0.626,0.467,0.689,5.5,0.215,2,4.5,42,8,0
Royce O'Neale\onealro01,UTA,77,31.2,7.4,4.8,2.5,1.1,0.4,0.457,0.389,0.804,5.5,0.109,1.7,0.8,49,5,0
Jaren Jackson Jr.\jacksja02,MEM,78,27.3,16.3,5.8,1.1,0.9,2.3,0.415,0.319,0.823,5.4,0.121,1,-0.1,56,2,0
Monte Morris\morrimo01,DEN,75,29.9,12.6,3,4.4,0.7,0.2,0.484,0.395,0.869,5.4,0.116,1.1,0,48,6,0
Khris Middleton\middlkh01,MIL,66,32.4,20.1,5.4,5.4,1.2,0.3,0.443,0.373,0.89,5.3,0.119,1.9,1.6,51,3,1
Evan Mobley\mobleev01,CLE,69,33.8,15,8.3,2.5,0.8,1.7,0.508,0.25,0.663,5.2,0.107,1.5,0.6,44,8,0
Bojan Bogdanović\bogdabo02,UTA,69,30.9,18.1,4.3,1.7,0.5,0,0.455,0.387,0.858,5.2,0.118,1.1,0,49,5,0
Gary Payton II\paytoga02,GSW,71,17.6,7.1,3.5,0.9,1.4,0.3,0.616,0.358,0.603,5.2,0.199,1.8,3.7,53,3,0
Aaron Gordon\gordoaa01,DEN,75,31.7,15,5.9,2.5,0.6,0.6,0.52,0.335,0.743,5.2,0.105,0.9,-0.6,48,6,0
Derrick White\whitede01,SAS,49,30.3,14.4,3.5,5.6,1,0.9,0.426,0.314,0.869,5.1,0.111,1.6,0.9,34,10,0
Jaxson Hayes\hayesja02,NOP,70,20,9.3,4.5,0.6,0.5,0.8,0.616,0.351,0.766,5.1,0.174,0.8,0.2,36,9,0
Tyus Jones\jonesty01,MEM,73,21.2,8.7,2.4,4.4,0.9,0,0.451,0.39,0.818,5.1,0.158,1.4,1.7,56,2,0
Andre Drummond\drumman01,TOT,73,19.7,7.9,9.3,1.8,1.1,0.9,0.57,0,0.524,5.1,0.17,1.2,1.3,,,0
Andre Drummond\drumman01,PHI,49,18.4,6.1,8.8,2,1.1,0.9,0.538,0,0.512,5.1,0.17,1.2,1.3,51,4,0
Grant Williams\willigr01,BOS,77,24.4,7.8,3.6,1,0.5,0.7,0.475,0.411,0.905,5.1,0.13,0.8,-0.4,51,2,0
Montrezl Harrell\harremo01,WAS,46,24.3,14.1,6.7,2.1,0.4,0.7,0.645,0.267,0.727,5.1,0.217,1.9,4.8,35,12,0
Derrick White\whitede01,TOT,75,29.3,13.2,3.5,4.9,0.9,0.8,0.421,0.312,0.864,5.1,0.111,1.6,0.9,,,0
John Collins\collijo01,ATL,54,30.8,16.2,7.8,1.8,0.6,1,0.526,0.364,0.793,5.1,0.146,1.5,1.5,43,9,0
Andrew Wiggins\wiggian01,GSW,73,31.9,17.2,4.5,2.2,1,0.7,0.466,0.393,0.634,5.1,0.105,1.4,0.4,53,3,1
Montrezl Harrell\harremo01,TOT,71,23.1,13.1,6.1,2,0.4,0.6,0.645,0.235,0.716,5.1,0.217,1.9,4.8,,,0
Lauri Markkanen\markkla01,CLE,61,30.8,14.8,5.7,1.3,0.7,0.5,0.445,0.358,0.868,5,0.127,1.1,0.4,44,8,0
Wendell Carter Jr.\cartewe01,ORL,62,29.9,15,10.5,2.8,0.6,0.7,0.525,0.327,0.691,5,0.129,1.7,1.6,22,15,0
P.J. Tucker\tuckepj01,MIA,71,27.9,7.6,5.5,2.1,0.8,0.2,0.484,0.415,0.738,5,0.121,1.3,0.6,53,1,0
Otto Porter Jr.\porteot01,GSW,63,22.2,8.2,5.7,1.5,1.1,0.5,0.464,0.37,0.803,4.9,0.168,1.8,3.1,53,3,0
JaVale McGee\mcgeeja01,PHO,74,15.8,9.2,6.7,0.6,0.3,1.1,0.629,0.222,0.699,4.9,0.201,0.8,0.8,64,1,0
Christian Wood\woodch01,HOU,68,30.8,17.9,10.1,2.3,0.8,1,0.501,0.39,0.623,4.9,0.112,1.9,1.6,20,15,0
Keldon Johnson\johnske04,SAS,75,31.9,17,6.1,2.1,0.8,0.2,0.466,0.398,0.756,4.9,0.098,0.9,-0.5,34,10,0
Bruce Brown\brownbr01,BRK,72,24.6,9,4.8,2.1,1.1,0.7,0.506,0.404,0.758,4.8,0.13,1.2,0.7,44,7,0
Mason Plumlee\plumlma01,CHO,73,24.6,6.5,7.7,3.1,0.8,0.7,0.641,0,0.392,4.7,0.127,0.9,0,43,10,0
Shai Gilgeous-Alexander\gilgesh01,OKC,56,34.7,24.5,5,5.9,1.3,0.8,0.453,0.3,0.81,4.6,0.113,2.7,3.4,24,14,0
Herbert Jones\joneshe01,NOP,78,29.9,9.5,3.8,2.1,1.7,0.8,0.476,0.337,0.84,4.6,0.096,0.9,-0.5,36,9,0
Anthony Davis\davisan02,LAL,40,35.1,23.2,9.9,3.1,1.2,2.3,0.532,0.186,0.713,4.5,0.155,2,3.8,33,11,0
Nikola Vučević\vucevni01,CHI,73,33.1,17.6,11,3.2,1,1,0.473,0.314,0.76,4.5,0.09,1.8,0.9,46,6,0
Luke Kennard\kennalu01,LAC,70,27.4,11.9,3.3,2.1,0.6,0.1,0.449,0.449,0.896,4.5,0.113,1.2,0.5,42,8,0
Mo Bamba\bambamo01,ORL,71,25.7,10.6,8.1,1.2,0.5,1.7,0.48,0.381,0.781,4.5,0.118,1.2,0.7,22,15,0
James Harden\hardeja01,PHI,65,37.2,22,7.7,10.3,1.3,0.6,0.41,0.33,0.877,4.4,0.13,2.5,4.1,51,4,1
Josh Hart\hartjo01,NOP,41,33.5,13.4,7.8,4.1,1.1,0.3,0.505,0.323,0.753,4.4,0.117,1.4,1,36,9,0
Josh Hart\hartjo01,TOT,54,33.2,14.9,7.2,4.1,1.1,0.2,0.504,0.343,0.758,4.4,0.117,1.4,1,,,0
Javonte Green\greenja02,CHI,65,23.4,7.2,4.2,0.9,1,0.5,0.542,0.356,0.833,4.4,0.139,0.8,0.1,46,6,0
D'Angelo Russell\russeda01,MIN,65,32,18.1,3.3,7.1,1,0.3,0.411,0.34,0.825,4.4,0.101,1.4,0.8,46,7,0
Pat Connaughton\connapa01,MIL,65,26,9.9,4.2,1.3,0.9,0.2,0.458,0.395,0.833,4.4,0.125,1.4,1.2,51,3,0
Jae Crowder\crowdja01,PHO,67,28.1,9.4,5.3,1.9,1.4,0.4,0.399,0.348,0.789,4.3,0.11,1.5,1.1,64,1,0
Anthony Edwards\edwaran01,MIN,72,34.3,21.3,4.8,3.8,1.5,0.6,0.441,0.357,0.786,4.3,0.084,2,1.2,46,7,0
John Konchar\konchjo01,MEM,72,17.9,4.8,4.6,1.5,0.6,0.3,0.515,0.413,0.551,4.2,0.155,1.2,1.5,56,2,0
Grayson Allen\allengr01,MIL,66,27.3,11.1,3.4,1.5,0.7,0.3,0.448,0.409,0.865,4.2,0.11,1.1,0.5,51,3,0
Isaac Okoro\okorois01,CLE,67,29.6,8.8,3,1.8,0.8,0.3,0.48,0.35,0.768,4.2,0.103,0.1,-1.7,44,8,0
Immanuel Quickley\quickim01,NYK,78,23.1,11.3,3.2,3.5,0.7,0,0.392,0.346,0.881,4.2,0.113,1,0.2,37,11,0
Onyeka Okongwu\okongon01,ATL,48,20.7,8.2,5.9,1.1,0.6,1.3,0.69,,0.727,4.2,0.202,0.7,0.8,43,9,0
Seth Curry\curryse01,PHI,45,34.8,15,3.4,4,0.8,0.2,0.485,0.4,0.877,4.2,0.095,0.8,-0.6,51,4,0
Seth Curry\curryse01,TOT,64,33.4,15,3.1,3.6,0.8,0.2,0.487,0.422,0.872,4.2,0.095,0.8,-0.6,,,0
Spencer Dinwiddie\dinwisp01,TOT,67,29.6,13.7,4.2,5.2,0.7,0.2,0.416,0.339,0.774,4.1,0.098,1.1,0.3,,,0
Patrick Beverley\beverpa01,MIN,58,25.4,9.2,4.1,4.6,1.2,0.9,0.406,0.343,0.722,4.1,0.132,1.7,2.7,46,7,0
Spencer Dinwiddie\dinwisp01,WAS,44,30.2,12.6,4.7,5.8,0.6,0.2,0.376,0.31,0.811,4.1,0.098,1.1,0.3,35,12,0
Tyrese Haliburton\halibty01,SAC,51,34.5,14.3,3.9,7.4,1.7,0.7,0.457,0.413,0.837,4,0.109,2,2.6,30,12,0
Tyrese Haliburton\halibty01,TOT,77,35,15.3,4,8.2,1.7,0.6,0.473,0.414,0.842,4,0.109,2,2.6,,,0
Saddiq Bey\beysa01,DET,82,33,16.1,5.4,2.8,0.9,0.2,0.396,0.346,0.827,4,0.071,1.2,-0.3,23,14,0
Franz Wagner\wagnefr01,ORL,79,30.7,15.2,4.5,2.9,0.9,0.4,0.468,0.354,0.863,4,0.079,0.8,-0.7,22,15,0
Caleb Martin\martica02,MIA,60,22.9,9.2,3.8,1.1,1,0.5,0.507,0.413,0.763,4,0.139,1.1,1.1,53,1,0
Jeff Green\greenje02,DEN,75,24.7,10.3,3.1,1.3,0.4,0.4,0.524,0.315,0.833,3.9,0.101,-0.2,-2.5,48,6,0
Obi Toppin\toppiob01,NYK,72,17.1,9,3.7,1.1,0.3,0.5,0.531,0.308,0.758,3.9,0.153,1.2,2,37,11,0
Brandon Ingram\ingrabr01,NOP,55,34,22.7,5.8,5.6,0.6,0.5,0.461,0.327,0.826,3.9,0.099,1.9,2,36,9,0
Duncan Robinson\robindu01,MIA,79,25.9,10.9,2.6,1.6,0.5,0.2,0.399,0.372,0.836,3.9,0.092,0.7,-0.6,53,1,0
Cody Martin\martico01,CHO,71,26.3,7.7,4,2.5,1.2,0.5,0.482,0.384,0.701,3.9,0.101,0.7,-0.5,43,10,0
Amir Coffey\coffeam01,LAC,69,22.7,9,2.9,1.8,0.6,0.2,0.453,0.378,0.863,3.8,0.116,0.7,-0.3,42,8,0
Tyler Herro\herroty01,MIA,66,32.6,20.7,5,4,0.7,0.1,0.447,0.399,0.868,3.8,0.084,1.5,0.7,53,1,0
Matisse Thybulle\thybuma01,PHI,66,25.5,5.7,2.3,1.1,1.7,1.1,0.5,0.313,0.791,3.7,0.107,1.3,1.1,51,4,0
Evan Fournier\fournev01,NYK,80,29.5,14.1,2.6,2.1,1,0.3,0.417,0.389,0.708,3.7,0.075,0.7,-0.7,37,11,0
Nicolas Batum\batumni01,LAC,59,24.8,8.3,4.3,1.7,1,0.7,0.463,0.4,0.658,3.7,0.123,1.6,2.3,42,8,0
Bogdan Bogdanović\bogdabo01,ATL,63,29.3,15.1,4,3.1,1.1,0.2,0.431,0.368,0.843,3.7,0.095,1.5,1.3,43,9,0
De'Anthony Melton\meltode01,MEM,73,22.7,10.8,4.5,2.7,1.4,0.5,0.404,0.374,0.75,3.7,0.107,1.6,1.9,56,2,0
OG Anunoby\anunoog01,TOR,48,36,17.1,5.5,2.6,1.5,0.5,0.443,0.363,0.754,3.7,0.104,1.1,0.5,48,5,0
Jusuf Nurkić\nurkiju01,POR,56,28.2,15,11.1,2.8,1.1,0.6,0.535,0.268,0.69,3.6,0.11,0.9,0.3,27,13,0
CJ McCollum\mccolcj01,TOT,62,34.6,22.1,4.3,5.1,1.1,0.4,0.46,0.388,0.682,3.6,0.081,2.1,1.9,,,0
Danilo Gallinari\gallida01,ATL,66,25.3,11.7,4.7,1.5,0.4,0.2,0.434,0.381,0.904,3.6,0.105,0.8,-0.2,43,9,0
Draymond Green\greendr01,GSW,46,28.9,7.5,7.3,7,1.3,1.1,0.525,0.296,0.659,3.6,0.131,1.8,3.2,53,3,1
Malik Monk\monkma01,LAL,76,28.1,13.8,3.4,2.9,0.8,0.4,0.473,0.391,0.795,3.6,0.081,0.8,-0.5,33,11,0
CJ McCollum\mccolcj01,POR,36,35.2,20.5,4.3,4.5,1,0.6,0.436,0.384,0.706,3.6,0.081,2.1,1.9,27,13,0
Delon Wright\wrighde01,ATL,77,18.9,4.4,2.9,2.4,1.2,0.2,0.454,0.379,0.857,3.6,0.121,1.6,2.2,43,9,0
Carmelo Anthony\anthoca01,LAL,69,26,13.3,4.2,1,0.7,0.8,0.441,0.375,0.83,3.6,0.097,0.7,-0.5,33,11,0
Max Strus\strusma01,MIA,68,23.3,10.6,3,1.4,0.4,0.2,0.441,0.41,0.792,3.6,0.11,1.2,0.9,53,1,0
Jordan Clarkson\clarkjo01,UTA,79,27.1,16,3.5,2.5,0.8,0.2,0.419,0.318,0.828,3.5,0.079,0.7,-0.6,49,5,0
Josh Richardson\richajo01,BOS,44,24.7,9.7,2.8,1.5,0.8,0.5,0.443,0.397,0.859,3.5,0.106,0.9,0.1,51,2,0
Kyle Anderson\anderky01,MEM,69,21.5,7.6,5.3,2.7,1.1,0.7,0.446,0.33,0.638,3.5,0.113,1.2,1.2,56,2,0
Dewayne Dedmon\dedmode01,MIA,67,15.9,6.3,5.8,0.7,0.4,0.6,0.566,0.404,0.75,3.5,0.157,0.3,-1,53,1,0
Trey Lyles\lylestr01,DET,51,19.4,10.4,4.8,1.1,0.4,0.5,0.456,0.301,0.784,3.5,0.111,0.7,-0.3,23,14,0
Nic Claxton\claxtni01,BRK,47,20.7,8.7,5.6,0.9,0.5,1.1,0.674,,0.581,3.5,0.171,0.6,0.4,44,7,0
Trey Lyles\lylestr01,TOT,75,20.5,10.5,5.1,1.2,0.4,0.4,0.466,0.321,0.802,3.5,0.111,0.7,-0.3,,,0
Dwight Howard\howardw01,LAL,60,16.2,6.2,5.9,0.6,0.6,0.6,0.612,0.533,0.658,3.5,0.174,0.4,-0.2,33,11,0
Josh Richardson\richajo01,TOT,65,24.6,10.2,2.8,1.8,0.9,0.4,0.438,0.415,0.889,3.5,0.106,0.9,0.1,,,0
Drew Eubanks\eubandr01,TOT,71,17.5,7.7,5.4,1.2,0.4,0.6,0.596,0.217,0.762,3.4,0.13,0.2,-1.4,,,0
Kristaps Porziņģis\porzikr01,TOT,51,29,20.2,8.1,2.3,0.7,1.6,0.459,0.31,0.867,3.4,0.161,1.3,3,,,0
P.J. Washington\washipj01,CHO,65,27.2,10.3,5.2,2.3,0.9,0.9,0.47,0.365,0.716,3.4,0.091,0.9,-0.1,43,10,0
Isaiah Stewart\stewais01,DET,71,25.6,8.3,8.7,1.2,0.3,1.1,0.51,0.326,0.718,3.4,0.091,-0.6,-3.3,23,14,0
Kristaps Porziņģis\porzikr01,DAL,34,29.5,19.2,7.7,2,0.7,1.7,0.451,0.283,0.865,3.4,0.161,1.3,3,52,4,0
Josh Hart\hartjo01,TOT,54,33.2,14.9,7.2,4.1,1.1,0.2,0.504,0.343,0.758,3.4,0.119,0.9,0.7,,,0
Josh Hart\hartjo01,NOP,41,33.5,13.4,7.8,4.1,1.1,0.3,0.505,0.323,0.753,3.4,0.119,0.9,0.7,36,9,0
Drew Eubanks\eubandr01,SAS,49,12.1,4.7,4,1,0.3,0.6,0.528,0.125,0.747,3.4,0.13,0.2,-1.4,34,10,0
Derrick White\whitede01,TOT,75,29.3,13.2,3.5,4.9,0.9,0.8,0.421,0.312,0.864,3.3,0.107,1.4,1.8,,,0
James Harden\hardeja01,BRK,44,37,22.5,8,10.2,1.3,0.7,0.414,0.332,0.869,3.3,0.197,1.2,3.9,44,7,0
Derrick White\whitede01,SAS,49,30.3,14.4,3.5,5.6,1,0.9,0.426,0.314,0.869,3.3,0.107,1.4,1.8,34,10,0
Kelly Oubre Jr.\oubreke01,CHO,76,26.3,15,4,1.1,1,0.4,0.44,0.345,0.667,3.3,0.079,0.3,-1.4,43,10,0
Damian Jones\jonesda03,SAC,56,18.2,8.1,4.4,1.2,0.5,0.8,0.658,0.345,0.718,3.3,0.156,0.6,0.3,30,12,0
Kyrie Irving\irvinky01,BRK,29,37.6,27.4,4.4,5.8,1.4,0.6,0.469,0.418,0.915,3.3,0.147,1.4,3,44,7,0
Devin Vassell\vassede01,SAS,71,27.3,12.3,4.3,1.9,1.1,0.6,0.427,0.361,0.838,3.3,0.082,0.7,-0.5,34,10,0
James Harden\hardeja01,TOT,65,37.2,22,7.7,10.3,1.3,0.6,0.41,0.33,0.877,3.3,0.197,1.2,3.9,,,0
Robert Covington\covinro01,POR,48,29.8,7.6,5.7,1.4,1.5,1.3,0.381,0.343,0.833,3.2,0.08,1.1,0.2,27,13,0
Willy Hernangómez\hernawi01,NOP,50,16.8,9.1,6.8,1.3,0.4,0.4,0.52,0.333,0.773,3.2,0.18,0.5,0.2,36,9,0
Naz Reid\reidna01,MIN,77,15.8,8.3,3.9,0.9,0.5,0.9,0.489,0.343,0.765,3.2,0.125,0.6,0,46,7,0
Reggie Bullock\bullore01,DAL,68,28,8.6,3.5,1.2,0.6,0.2,0.401,0.36,0.833,3.2,0.08,0.3,-1.4,52,4,0
Richaun Holmes\holmeri01,SAC,45,23.9,10.4,7,1.1,0.4,0.9,0.66,0.4,0.778,3.2,0.145,0.4,-0.5,30,12,0
Robert Covington\covinro01,TOT,71,27.3,8.5,5.5,1.3,1.5,1.3,0.42,0.378,0.841,3.2,0.08,1.1,0.2,,,0
Will Barton\bartowi01,DEN,71,32.1,14.7,4.8,3.9,0.8,0.4,0.438,0.365,0.803,3.2,0.067,0.9,-0.5,48,6,0
Payton Pritchard\pritcpa01,BOS,71,14.1,6.2,1.9,2,0.4,0.1,0.429,0.412,1,3.1,0.148,1,1.9,51,2,0
Myles Turner\turnemy01,IND,42,29.4,12.9,7.1,1,0.7,2.8,0.509,0.333,0.752,3.1,0.12,1.1,1.4,25,13,0
Julius Randle\randlju01,NYK,72,35.3,20.1,9.9,5.1,0.7,0.5,0.411,0.308,0.756,3.1,0.059,1.6,0.5,37,11,0
LaMarcus Aldridge\aldrila01,BRK,47,22.3,12.9,5.5,0.9,0.3,1,0.55,0.304,0.873,3.1,0.141,0.7,0.7,44,7,0
Ayo Dosunmu\dosunay01,CHI,77,27.4,8.8,2.8,3.3,0.8,0.4,0.52,0.376,0.679,3,0.069,0,-2,46,6,0
Tyrese Haliburton\halibty01,TOT,77,35,15.3,4,8.2,1.7,0.6,0.473,0.414,0.842,3,0.156,1.1,2.8,,,0
Tyrese Haliburton\halibty01,SAC,51,34.5,14.3,3.9,7.4,1.7,0.7,0.457,0.413,0.837,3,0.156,1.1,2.8,30,12,0
Nemanja Bjelica\bjeline01,GSW,71,16.1,6.1,4.1,2.2,0.6,0.4,0.468,0.362,0.728,3,0.128,1,1.4,53,3,0
Jae'Sean Tate\tateja01,HOU,78,26.4,11.8,5.4,2.8,0.9,0.5,0.498,0.312,0.707,3,0.071,0.1,-1.8,20,15,0
Jonathan Kuminga\kuminjo01,GSW,70,16.9,9.3,3.3,0.9,0.4,0.3,0.513,0.336,0.684,3,0.123,0.1,-1.5,53,3,0
Maxi Kleber\klebima01,DAL,59,24.6,7,5.9,1.2,0.5,1,0.398,0.325,0.708,3,0.098,0.6,-0.4,52,4,0
Kenyon Martin Jr.\martike04,HOU,79,21,8.8,3.8,1.3,0.4,0.5,0.533,0.357,0.634,2.9,0.084,0.4,-1.2,20,15,0
Malik Beasley\beaslma01,MIN,79,25,12.1,2.9,1.5,0.5,0.2,0.391,0.377,0.817,2.9,0.069,0.7,-0.7,46,7,0
Dennis Schröder\schrode01,BOS,49,29.2,14.4,3.3,4.2,0.8,0.1,0.44,0.349,0.848,2.9,0.076,0,-1.9,51,2,0
Andre Drummond\drumman01,TOT,73,19.7,7.9,9.3,1.8,1.1,0.9,0.57,0,0.524,2.9,0.153,0.7,1.3,,,0
Dennis Schröder\schrode01,TOT,64,28.7,13.5,3.3,4.6,0.8,0.1,0.431,0.344,0.853,2.9,0.076,0,-1.9,,,0
Seth Curry\curryse01,PHI,45,34.8,15,3.4,4,0.8,0.2,0.485,0.4,0.877,2.9,0.088,0.4,-1,51,4,0
Isaiah Roby\robyis01,OKC,45,21.1,10.1,4.8,1.6,0.8,0.8,0.514,0.444,0.672,2.9,0.147,0.6,0.6,24,14,0
Andre Drummond\drumman01,PHI,49,18.4,6.1,8.8,2,1.1,0.9,0.538,0,0.512,2.9,0.153,0.7,1.3,51,4,0
Tre Jones\jonestr01,SAS,69,16.6,6,2.2,3.4,0.6,0.1,0.49,0.196,0.78,2.9,0.121,0.4,-0.5,34,10,0
Seth Curry\curryse01,TOT,64,33.4,15,3.1,3.6,0.8,0.2,0.487,0.422,0.872,2.9,0.088,0.4,-1,,,0
Austin Reaves\reaveau01,LAL,61,23.2,7.3,3.2,1.8,0.5,0.3,0.459,0.317,0.839,2.9,0.097,0,-1.9,33,11,0
Cedi Osman\osmande01,CLE,66,22.2,10.7,2.2,2,0.8,0.2,0.432,0.357,0.664,2.9,0.094,0.8,0.2,44,8,0
Garrison Mathews\mathega01,HOU,65,26.3,10,2.9,1,0.9,0.4,0.399,0.36,0.794,2.8,0.078,-0.1,-2.3,20,15,0
Kentavious Caldwell-Pope\caldwke01,WAS,77,30.2,13.2,3.4,1.9,1.1,0.3,0.435,0.39,0.89,2.8,0.058,0.3,-1.5,35,12,0
Gordon Hayward\haywago01,CHO,49,31.9,15.9,4.6,3.6,1,0.4,0.459,0.391,0.846,2.8,0.087,0.5,-0.7,43,10,0
Dennis Schröder\schrode01,TOT,64,28.7,13.5,3.3,4.6,0.8,0.1,0.431,0.344,0.853,2.8,0.092,0.3,-1.2,,,0
Patty Mills\millspa02,BRK,81,29,11.4,1.9,2.3,0.6,0.2,0.408,0.4,0.814,2.8,0.058,0.2,-1.7,44,7,0
Georges Niang\niangge01,PHI,76,22.8,9.2,2.7,1.3,0.4,0.2,0.437,0.403,0.881,2.8,0.077,0,-1.9,51,4,0
Dennis Schröder\schrode01,BOS,49,29.2,14.4,3.3,4.2,0.8,0.1,0.44,0.349,0.848,2.8,0.092,0.3,-1.2,51,2,0
Norman Powell\powelno01,POR,40,33.3,18.7,3.3,2.1,1,0.4,0.456,0.406,0.803,2.8,0.093,0.6,-0.3,27,13,0
Moritz Wagner\wagnemo01,ORL,63,15.2,9,3.7,1.4,0.3,0.2,0.497,0.328,0.806,2.8,0.138,0.9,1.6,22,15,0
Jalen Smith\smithja04,TOT,51,18.1,9.2,6,0.5,0.3,0.8,0.503,0.328,0.765,2.8,0.145,0.3,-0.5,,,0
Norman Powell\powelno01,TOT,45,32.4,19,3.2,2.1,0.9,0.5,0.461,0.419,0.811,2.8,0.093,0.6,-0.3,,,0
Devonte' Graham\grahade01,NOP,76,28.4,11.9,2.3,4.2,0.9,0.2,0.363,0.341,0.843,2.8,0.062,0.5,-1,36,9,0
Jalen Smith\smithja04,PHO,29,13.2,6,4.8,0.2,0.2,0.6,0.46,0.231,0.769,2.8,0.145,0.3,-0.5,64,1,0
Jaylen Nowell\nowelja01,MIN,62,15.7,8.5,2,2.1,0.4,0.2,0.475,0.394,0.783,2.8,0.138,0.7,0.8,46,7,0
Kevin Huerter\huertke01,ATL,74,29.6,12.1,3.4,2.7,0.7,0.4,0.454,0.389,0.808,2.8,0.062,0.4,-1.2,43,9,0
JaMychal Green\greenja01,DEN,67,16.2,6.4,4.2,0.9,0.6,0.4,0.486,0.266,0.871,2.7,0.118,0,-1.8,48,6,0
Malcolm Brogdon\brogdma01,IND,36,33.5,19.1,5.1,5.9,0.8,0.4,0.448,0.312,0.856,2.7,0.106,1.3,2.3,25,13,0
Damion Lee\leeda03,GSW,63,19.9,7.4,3.2,1,0.6,0.1,0.441,0.337,0.88,2.7,0.102,0,-2,53,3,0
Taj Gibson\gibsota01,NYK,52,18.2,4.4,4.4,0.6,0.4,0.8,0.518,0.395,0.808,2.7,0.135,0,-2,37,11,0
CJ McCollum\mccolcj01,POR,36,35.2,20.5,4.3,4.5,1,0.6,0.436,0.384,0.706,2.6,0.14,1.5,4.6,27,13,0
CJ McCollum\mccolcj01,TOT,62,34.6,22.1,4.3,5.1,1.1,0.4,0.46,0.388,0.682,2.6,0.14,1.5,4.6,,,0
Landry Shamet\shamela01,PHO,69,20.8,8.3,1.8,1.6,0.4,0.1,0.394,0.368,0.84,2.6,0.085,0.3,-1.2,64,1,0
Khem Birch\birchkh01,TOR,55,18,4.5,4.3,1,0.5,0.5,0.485,0,0.746,2.6,0.126,0.2,-1.3,48,5,0
Josh Richardson\richajo01,TOT,65,24.6,10.2,2.8,1.8,0.9,0.4,0.438,0.415,0.889,2.6,0.113,0.6,0.2,,,0
Josh Richardson\richajo01,BOS,44,24.7,9.7,2.8,1.5,0.8,0.5,0.443,0.397,0.859,2.6,0.113,0.6,0.2,51,2,0
Cory Joseph\josepco01,DET,65,24.6,8,2.7,3.6,0.6,0.3,0.445,0.414,0.885,2.5,0.075,0,-2.1,23,14,0
Precious Achiuwa\achiupr01,TOR,73,23.6,9.1,6.5,1.1,0.5,0.6,0.439,0.359,0.595,2.5,0.07,-0.2,-2.6,48,5,0
Spencer Dinwiddie\dinwisp01,TOT,67,29.6,13.7,4.2,5.2,0.7,0.2,0.416,0.339,0.774,2.5,0.182,0.8,2.9,,,0
Spencer Dinwiddie\dinwisp01,WAS,44,30.2,12.6,4.7,5.8,0.6,0.2,0.376,0.31,0.811,2.5,0.182,0.8,2.9,35,12,0
Gabe Vincent\vincega01,MIA,68,23.4,8.7,1.9,3.1,0.9,0.2,0.417,0.368,0.815,2.5,0.076,0.2,-1.4,53,1,0
De'Aaron Fox\foxde01,SAC,59,35.3,23.2,3.9,5.6,1.2,0.4,0.473,0.297,0.75,2.5,0.058,0.7,-0.6,30,12,0
Jaden McDaniels\mcdanja02,MIN,70,25.8,9.2,4.2,1.1,0.7,0.8,0.46,0.317,0.803,2.4,0.065,-0.4,-2.9,46,7,0
Josh Green\greenjo02,DAL,67,15.5,4.8,2.4,1.2,0.7,0.2,0.508,0.359,0.689,2.4,0.111,0.3,-1,52,4,0
Coby White\whiteco01,CHI,61,27.5,12.7,3,2.9,0.5,0.2,0.433,0.385,0.857,2.4,0.067,0,-2.1,46,6,0
Deni Avdija\avdijde01,WAS,82,24.2,8.4,5.2,2,0.7,0.5,0.432,0.317,0.757,2.4,0.058,0.1,-1.7,35,12,0
Terry Taylor\taylote01,IND,33,21.6,9.6,5.2,1.2,0.4,0.2,0.614,0.316,0.706,2.4,0.16,0.3,-0.6,25,13,0
Bones Hyland\hylanbo01,DEN,69,19,10.1,2.7,2.8,0.6,0.3,0.403,0.366,0.856,2.4,0.088,0.5,-0.4,48,6,0
Marcus Morris\morrima03,LAC,54,29,15.4,4.4,2.1,0.5,0.3,0.434,0.367,0.872,2.4,0.074,0.3,-1.4,42,8,0
Corey Kispert\kispeco01,WAS,77,23.4,8.2,2.7,1.1,0.5,0.3,0.455,0.35,0.871,2.3,0.061,-0.1,-2.3,35,12,0
Jerami Grant\grantje01,DET,47,31.9,19.2,4.1,2.4,0.9,1,0.426,0.358,0.838,2.3,0.075,1.2,1.2,23,14,0
RJ Barrett\barrerj01,NYK,70,34.5,20,5.8,3,0.6,0.2,0.408,0.342,0.714,2.3,0.046,0.2,-1.6,37,11,0
Torrey Craig\craigto01,TOT,78,20.5,6.6,4,1.2,0.6,0.5,0.454,0.329,0.75,2.3,0.07,0.1,-1.8,,,0
George Hill\hillge01,MIL,54,23.2,6.2,2.9,2.2,0.8,0.1,0.429,0.306,0.919,2.3,0.087,0.1,-1.5,51,3,0
Torrey Craig\craigto01,IND,51,20.3,6.5,3.8,1.1,0.5,0.4,0.456,0.333,0.771,2.3,0.07,0.1,-1.8,25,13,0
Jordan McLaughlin\mclaujo01,MIN,62,14.5,3.8,1.5,2.9,0.9,0.2,0.44,0.318,0.75,2.3,0.123,0.6,0.4,46,7,0
Larry Nance Jr.\nancela02,TOT,46,22.6,7,5.4,1.8,0.9,0.4,0.522,0.329,0.702,2.3,0.104,0.5,-0.1,,,0
Larry Nance Jr.\nancela02,POR,37,23.2,6.9,5.6,2,1,0.4,0.515,0.306,0.653,2.3,0.104,0.5,-0.1,27,13,0
Dean Wade\wadede01,CLE,51,19.2,5.3,2.9,1,0.6,0.1,0.456,0.359,0.667,2.3,0.111,0.4,-0.6,44,8,0
Trey Lyles\lylestr01,DET,51,19.4,10.4,4.8,1.1,0.4,0.5,0.456,0.301,0.784,2.2,0.106,0.5,0,23,14,0
Derrick Jones Jr.\jonesde02,CHI,51,17.6,5.6,3.3,0.6,0.5,0.6,0.538,0.328,0.8,2.2,0.119,0.2,-0.9,46,6,0
Thaddeus Young\youngth01,TOT,52,16.3,6.2,4,2,1,0.3,0.518,0.354,0.469,2.2,0.126,0.9,2.2,,,0
Ziaire Williams\willizi02,MEM,62,21.7,8.1,2.1,1,0.6,0.2,0.45,0.314,0.782,2.2,0.08,-0.3,-3,56,2,0
Chuma Okeke\okekech01,ORL,70,25,8.6,5,1.7,1.4,0.6,0.376,0.318,0.846,2.2,0.06,0.8,-0.1,22,15,0
Kristaps Porziņģis\porzikr01,TOT,51,29,20.2,8.1,2.3,0.7,1.6,0.459,0.31,0.867,2.2,0.22,0.9,5.6,,,0
Oshae Brissett\brissos01,IND,67,23.3,9.1,5.3,1.1,0.7,0.4,0.411,0.35,0.695,2.2,0.069,-0.1,-2.2,25,13,0
DeAndre' Bembry\bembrde01,BRK,48,19.8,5.8,3.2,1.3,1,0.5,0.568,0.417,0.6,2.2,0.104,0.3,-0.7,44,7,0
Caris LeVert\leverca01,TOT,58,30.7,17,3.7,4.3,0.9,0.4,0.444,0.32,0.756,2.2,0.059,0.4,-1.2,,,0
Caris LeVert\leverca01,IND,39,31.1,18.7,3.8,4.4,0.9,0.5,0.447,0.323,0.76,2.2,0.059,0.4,-1.2,25,13,0
Lonzo Ball\balllo01,CHI,35,34.6,13,5.4,5.1,1.8,0.9,0.423,0.423,0.75,2.2,0.088,1.4,2.5,46,6,0
DeAndre' Bembry\bembrde01,TOT,56,18.3,5.1,2.9,1.2,0.9,0.4,0.561,0.417,0.6,2.2,0.104,0.3,-0.7,,,0
Taurean Prince\princta02,MIN,69,17.1,7.3,2.5,1,0.7,0.3,0.454,0.376,0.756,2.2,0.09,0.3,-0.9,46,7,0
Kristaps Porziņģis\porzikr01,DAL,34,29.5,19.2,7.7,2,0.7,1.7,0.451,0.283,0.865,2.2,0.22,0.9,5.6,52,4,0
Trey Lyles\lylestr01,TOT,75,20.5,10.5,5.1,1.2,0.4,0.4,0.466,0.321,0.802,2.2,0.106,0.5,0,,,0
Andre Drummond\drumman01,PHI,49,18.4,6.1,8.8,2,1.1,0.9,0.538,0,0.512,2.2,0.199,0.4,1.2,51,4,0
Andre Drummond\drumman01,TOT,73,19.7,7.9,9.3,1.8,1.1,0.9,0.57,0,0.524,2.2,0.199,0.4,1.2,,,0
Joe Ingles\inglejo01,UTA,45,24.9,7.2,2.9,3.5,0.5,0.1,0.404,0.347,0.773,2.2,0.094,0.5,-0.3,49,5,0
Gary Harris\harriga01,ORL,61,28.4,11.1,2,1.8,1,0.1,0.434,0.384,0.874,2.2,0.06,-0.2,-2.4,22,15,0
Montrezl Harrell\harremo01,WAS,46,24.3,14.1,6.7,2.1,0.4,0.7,0.645,0.267,0.727,2.2,0.203,0.5,1.8,35,12,0
Montrezl Harrell\harremo01,TOT,71,23.1,13.1,6.1,2,0.4,0.6,0.645,0.235,0.716,2.2,0.203,0.5,1.8,,,0
Hamidou Diallo\diallha01,DET,58,21.9,11,4.8,1.3,1.2,0.3,0.496,0.247,0.65,2.1,0.079,0.5,-0.5,23,14,0
Norman Powell\powelno01,TOT,45,32.4,19,3.2,2.1,0.9,0.5,0.461,0.419,0.811,2.1,0.076,0.3,-1,,,0
Blake Griffin\griffbl01,BRK,56,17.1,6.4,4.1,1.9,0.5,0.3,0.425,0.262,0.724,2.1,0.106,0.3,-0.6,44,7,0
DeAndre' Bembry\bembrde01,TOT,56,18.3,5.1,2.9,1.2,0.9,0.4,0.561,0.417,0.6,2.1,0.108,0.4,-0.4,,,0
Alperen Şengün\sengual01,HOU,72,20.7,9.6,5.5,2.6,0.8,0.9,0.474,0.248,0.711,2.1,0.068,0.4,-1,20,15,0
Robert Covington\covinro01,TOT,71,27.3,8.5,5.5,1.3,1.5,1.3,0.42,0.378,0.841,2.1,0.2,0.8,4.1,,,0
DeAndre' Bembry\bembrde01,BRK,48,19.8,5.8,3.2,1.3,1,0.5,0.568,0.417,0.6,2.1,0.108,0.4,-0.4,44,7,0
Rudy Gay\gayru01,UTA,55,18.9,8.1,4.4,1,0.5,0.3,0.414,0.345,0.785,2.1,0.097,0.3,-1,49,5,0
Jose Alvarado\alvarjo01,NOP,54,15.4,6.1,1.9,2.8,1.3,0.1,0.446,0.291,0.679,2.1,0.121,0.8,1.9,36,9,0
Robert Covington\covinro01,POR,48,29.8,7.6,5.7,1.4,1.5,1.3,0.381,0.343,0.833,2.1,0.2,0.8,4.1,27,13,0
Omer Yurtseven\yurtsom01,MIA,56,12.6,5.3,5.3,0.9,0.3,0.4,0.526,0.091,0.623,2.1,0.145,0.2,-1,53,1,0
Mike Muscala\muscami01,OKC,43,13.8,8,3,0.5,0.4,0.6,0.456,0.429,0.842,2.1,0.17,1.1,5,24,14,0
Norman Powell\powelno01,POR,40,33.3,18.7,3.3,2.1,1,0.4,0.456,0.406,0.803,2.1,0.076,0.3,-1,27,13,0
Serge Ibaka\ibakase01,TOT,54,16.2,6.8,4.6,0.9,0.2,0.6,0.5,0.374,0.727,2,0.108,0.1,-1.5,,,0
Drew Eubanks\eubandr01,SAS,49,12.1,4.7,4,1,0.3,0.6,0.528,0.125,0.747,2,0.144,0.1,-1.5,34,10,0
Alex Caruso\carusal01,CHI,41,28,7.4,3.6,4,1.7,0.4,0.398,0.333,0.795,2,0.082,0.6,0.2,46,6,0
Tim Hardaway Jr.\hardati02,DAL,42,29.6,14.2,3.7,2.2,0.9,0.1,0.394,0.336,0.757,2,0.077,0.6,-0.2,52,4,0
Serge Ibaka\ibakase01,LAC,35,15.4,6.6,4.3,1,0.2,0.7,0.49,0.387,0.69,2,0.108,0.1,-1.5,42,8,0
Eric Paschall\pascher01,UTA,58,12.7,5.8,1.8,0.6,0.2,0.1,0.485,0.37,0.767,2,0.128,0.3,-0.5,49,5,0
Facundo Campazzo\campafa01,DEN,65,18.2,5.1,1.8,3.4,1,0.4,0.361,0.301,0.769,2,0.081,0.4,-0.8,48,6,0
Drew Eubanks\eubandr01,TOT,71,17.5,7.7,5.4,1.2,0.4,0.6,0.596,0.217,0.762,2,0.144,0.1,-1.5,,,0
Marvin Bagley III\baglema01,SAC,30,21.9,9.3,7.2,0.6,0.3,0.4,0.463,0.242,0.745,2,0.085,-0.1,-2.3,30,12,0
Juan Toscano-Anderson\toscaju01,GSW,73,13.6,4.1,2.4,1.7,0.7,0.2,0.489,0.322,0.571,2,0.098,0.3,-0.8,53,3,0
Kyle Kuzma\kuzmaky01,WAS,66,33.4,17.1,8.5,3.5,0.6,0.9,0.452,0.341,0.712,2,0.044,1,-0.2,35,12,0
Marvin Bagley III\baglema01,TOT,48,23.9,11.3,7,0.8,0.5,0.4,0.504,0.237,0.663,2,0.085,-0.1,-2.3,,,0
Anfernee Simons\simonan01,POR,57,29.5,17.3,2.6,3.9,0.5,0.1,0.443,0.405,0.888,1.9,0.055,0.5,-0.7,27,13,0
Trendon Watford\watfotr01,POR,48,18.1,7.6,4.1,1.7,0.5,0.6,0.532,0.237,0.755,1.9,0.104,0.1,-1.7,27,13,0
Cameron Payne\payneca01,PHO,58,22,10.8,3,4.9,0.7,0.3,0.409,0.336,0.843,1.9,0.073,0.7,0,64,1,0
DeAndre Jordan\jordade01,LAL,32,12.8,4.1,5.4,0.4,0.3,0.8,0.674,,0.462,1.9,0.145,0.1,-1.4,33,11,0
Buddy Hield\hieldbu01,SAC,55,28.6,14.4,4,1.9,0.9,0.3,0.382,0.368,0.87,1.9,0.036,0.5,-1.2,30,12,0
Goga Bitadze\bitadgo01,IND,50,14.6,7,3.5,1.1,0.4,0.8,0.52,0.288,0.681,1.9,0.122,0.2,-0.8,25,13,0
Larry Nance Jr.\nancela02,POR,37,23.2,6.9,5.6,2,1,0.4,0.515,0.306,0.653,1.9,0.104,0.5,0.3,27,13,0
Larry Nance Jr.\nancela02,TOT,46,22.6,7,5.4,1.8,0.9,0.4,0.522,0.329,0.702,1.9,0.104,0.5,0.3,,,0
DeAndre Jordan\jordade01,TOT,48,13,4.3,5.5,0.4,0.3,0.7,0.643,,0.55,1.9,0.145,0.1,-1.4,,,0
Trey Murphy III\murphtr02,NOP,62,13.9,5.4,2.4,0.6,0.4,0.1,0.394,0.382,0.882,1.9,0.104,0.2,-1.2,36,9,0
Buddy Hield\hieldbu01,TOT,81,30.9,15.6,4.4,2.8,0.9,0.3,0.406,0.366,0.874,1.9,0.036,0.5,-1.2,,,0
Daniel Theis\theisda01,TOT,47,20.8,8.2,4.9,0.9,0.4,0.7,0.519,0.308,0.681,1.9,0.093,0,-2.1,,,0
Danny Green\greenda02,PHI,62,21.8,5.9,2.5,1,1,0.6,0.394,0.38,0.786,1.9,0.067,0.5,-0.5,51,4,0
Zeke Nnaji\nnajize01,DEN,41,17,6.6,3.6,0.4,0.4,0.3,0.516,0.463,0.631,1.8,0.123,0,-2.2,48,6,0
Darius Bazley\bazleda01,OKC,69,27.9,10.8,6.3,1.4,0.8,1,0.422,0.297,0.688,1.8,0.044,0.1,-1.8,24,14,0
Bismack Biyombo\biyombi01,PHO,36,14.1,5.8,4.6,0.6,0.3,0.7,0.593,,0.535,1.8,0.17,0.1,-1.3,64,1,0
Kenrich Williams\willike04,OKC,49,21.9,7.4,4.5,2.2,0.9,0.2,0.461,0.339,0.545,1.8,0.081,0.5,-0.3,24,14,0
Derrick White\whitede01,SAS,49,30.3,14.4,3.5,5.6,1,0.9,0.426,0.314,0.869,1.8,0.121,0.2,-0.9,34,10,0
Derrick White\whitede01,TOT,75,29.3,13.2,3.5,4.9,0.9,0.8,0.421,0.312,0.864,1.8,0.121,0.2,-0.9,,,0
Klay Thompson\thompkl01,GSW,32,29.4,20.4,3.9,2.8,0.5,0.5,0.429,0.385,0.902,1.8,0.091,0.7,1.1,53,3,0
Kemba Walker\walkeke02,NYK,37,25.6,11.6,3,3.5,0.7,0.2,0.403,0.367,0.845,1.8,0.093,0.6,0.4,37,11,0
Stanley Johnson\johnsst04,LAL,48,22.8,6.7,3.2,1.7,0.9,0.3,0.466,0.314,0.716,1.8,0.079,-0.2,-2.7,33,11,0
Xavier Tillman Sr.\tillmxa01,MEM,53,13.2,4.8,3,1.2,0.9,0.3,0.454,0.204,0.648,1.8,0.121,0.5,0.7,56,2,0
Damian Lillard\lillada01,POR,29,36.4,24,4.1,7.3,0.6,0.4,0.402,0.324,0.878,1.7,0.079,0.9,1.3,27,13,0
Shake Milton\miltosh01,PHI,55,21.4,8.2,2.6,2.5,0.5,0.3,0.429,0.323,0.836,1.7,0.069,-0.1,-2.2,51,4,0
Jalen McDaniels\mcdanja01,CHO,55,16.3,6.2,3.1,1.1,0.5,0.4,0.484,0.38,0.736,1.7,0.093,-0.1,-2.3,43,10,0
James Johnson\johnsja01,BRK,62,19.2,5.5,3.5,2.1,0.5,0.5,0.469,0.271,0.527,1.7,0.068,-0.1,-2.2,44,7,0
Jalen Smith\smithja04,PHO,29,13.2,6,4.8,0.2,0.2,0.6,0.46,0.231,0.769,1.7,0.15,0.4,0.8,64,1,0
Jalen Smith\smithja04,TOT,51,18.1,9.2,6,0.5,0.3,0.8,0.503,0.328,0.765,1.7,0.15,0.4,0.8,,,0
Nassir Little\littlna01,POR,42,25.9,9.8,5.6,1.3,0.6,0.9,0.46,0.331,0.734,1.7,0.076,0.2,-1.5,27,13,0
Russell Westbrook\westbru01,LAL,78,34.3,18.5,7.4,7.1,1,0.3,0.444,0.298,0.667,1.7,0.03,0.2,-1.6,33,11,0
DeMarcus Cousins\couside01,TOT,48,15,9,5.6,1.5,0.7,0.4,0.46,0.303,0.76,1.6,0.104,0.1,-1.6,,,0
Keita Bates-Diop\bateske01,SAS,59,16.2,5.7,3.9,0.7,0.5,0.2,0.517,0.309,0.754,1.6,0.08,-0.1,-2.6,34,10,0
Kelly Olynyk\olynyke01,DET,40,19.1,9.1,4.4,2.8,0.8,0.5,0.448,0.336,0.775,1.6,0.104,0.7,1.6,23,14,0
Davon Reed\reedda01,DEN,48,13.9,4.4,2.3,1.1,0.5,0.2,0.503,0.43,0.667,1.6,0.117,0.3,-0.3,48,6,0
Tristan Thompson\thomptr01,SAC,30,15.2,6.2,5.4,0.6,0.4,0.4,0.503,1,0.533,1.6,0.087,-0.3,-3.1,30,12,0
Cole Anthony\anthoco01,ORL,65,31.7,16.3,5.4,5.7,0.7,0.3,0.391,0.338,0.854,1.6,0.038,0.4,-1.2,22,15,0
DeMarcus Cousins\couside01,DEN,31,13.9,8.9,5.5,1.7,0.6,0.4,0.456,0.324,0.736,1.6,0.104,0.1,-1.6,48,6,0
Lamar Stevens\stevela01,CLE,63,16.1,6.1,2.6,0.7,0.5,0.3,0.489,0.277,0.707,1.6,0.078,-0.2,-2.9,44,8,0
Tristan Thompson\thomptr01,TOT,57,15.7,6,5.1,0.6,0.4,0.4,0.528,0.333,0.526,1.6,0.087,-0.3,-3.1,,,0
Spencer Dinwiddie\dinwisp01,WAS,44,30.2,12.6,4.7,5.8,0.6,0.2,0.376,0.31,0.811,1.6,0.058,0.3,-0.9,35,12,0
Spencer Dinwiddie\dinwisp01,TOT,67,29.6,13.7,4.2,5.2,0.7,0.2,0.416,0.339,0.774,1.6,0.058,0.3,-0.9,,,0
Daniel Theis\theisda01,TOT,47,20.8,8.2,4.9,0.9,0.4,0.7,0.519,0.308,0.681,1.6,0.19,0.2,-0.1,,,0
Dillon Brooks\brookdi01,MEM,32,27.7,18.4,3.2,2.8,1.1,0.3,0.432,0.309,0.849,1.6,0.087,0,-1.8,56,2,0
Andre Iguodala\iguodan01,GSW,31,19.5,4,3.2,3.7,0.9,0.7,0.38,0.23,0.75,1.6,0.125,0.7,2.7,53,3,0
Doug McDermott\mcderdo01,SAS,51,24,11.3,2.3,1.3,0.3,0.1,0.462,0.422,0.784,1.6,0.062,-0.1,-2.5,34,10,0
Aaron Holiday\holidaa01,TOT,63,16.2,6.3,1.9,2.4,0.7,0.1,0.447,0.379,0.868,1.5,0.068,0.1,-1.7,,,0
Raul Neto\netora01,WAS,70,19.6,7.5,1.9,3.1,0.8,0,0.463,0.292,0.769,1.5,0.053,-0.4,-3,35,12,0
Jericho Sims\simsje01,NYK,41,13.5,2.2,4.1,0.5,0.3,0.5,0.722,,0.414,1.5,0.128,0,-1.7,37,11,0
Caris LeVert\leverca01,TOT,58,30.7,17,3.7,4.3,0.9,0.4,0.444,0.32,0.756,1.5,0.06,0.5,-0.3,,,0
Jeremiah Robinson-Earl\robinje02,OKC,49,22.2,7.5,5.6,1,0.6,0.3,0.414,0.352,0.741,1.5,0.065,-0.1,-2.2,24,14,0
Jock Landale\landajo01,SAS,54,10.9,4.9,2.6,0.8,0.2,0.3,0.495,0.326,0.829,1.5,0.121,0.2,-0.4,34,10,0
Caris LeVert\leverca01,IND,39,31.1,18.7,3.8,4.4,0.9,0.5,0.447,0.323,0.76,1.5,0.06,0.5,-0.3,25,13,0
Chimezie Metu\metuch01,SAC,60,21.3,8.9,5.6,1,0.9,0.5,0.452,0.306,0.78,1.5,0.056,0.2,-1.5,30,12,0
Aaron Holiday\holidaa01,WAS,41,16.2,6.1,1.6,1.9,0.6,0.2,0.467,0.343,0.8,1.5,0.068,0.1,-1.7,35,12,0
Trey Lyles\lylestr01,DET,51,19.4,10.4,4.8,1.1,0.4,0.5,0.456,0.301,0.784,1.4,0.12,0.1,-1,23,14,0
Bradley Beal\bealbr01,WAS,40,36,23.2,4.7,6.6,0.9,0.4,0.451,0.3,0.833,1.4,0.046,1,0.8,35,12,0
Luguentz Dort\dortlu01,OKC,51,32.6,17.2,4.2,1.7,0.9,0.4,0.404,0.332,0.843,1.4,0.04,-0.1,-2.3,24,14,0
Rui Hachimura\hachiru01,WAS,42,22.5,11.3,3.8,1.1,0.5,0.2,0.491,0.447,0.697,1.4,0.073,0.1,-1.5,35,12,0
Justin Holiday\holidju01,IND,49,28.9,11,2.8,1.8,0.7,0.4,0.415,0.378,0.829,1.4,0.047,0.1,-1.7,25,13,0
Quentin Grimes\grimequ01,NYK,46,17.1,6,2,1,0.7,0.2,0.404,0.381,0.684,1.4,0.087,0.3,-0.3,37,11,0
Justin Holiday\holidju01,IND,49,28.9,11,2.8,1.8,0.7,0.4,0.415,0.378,0.829,1.4,0.033,-0.1,-2.2,25,13,0
Trey Lyles\lylestr01,TOT,75,20.5,10.5,5.1,1.2,0.4,0.4,0.466,0.321,0.802,1.4,0.12,0.1,-1,,,0
Troy Brown Jr.\browntr01,CHI,66,16,4.3,3.1,1,0.5,0.1,0.419,0.353,0.769,1.4,0.065,0.1,-1.8,46,6,0
Eric Gordon\gordoer01,HOU,57,29.3,13.4,2,2.7,0.5,0.3,0.475,0.412,0.778,1.4,0.04,-0.1,-2.3,20,15,0
Anthony Gill\gillan01,WAS,44,10.5,4.1,1.9,0.6,0.1,0.3,0.569,0.538,0.808,1.4,0.14,0,-1.9,35,12,0
Drew Eubanks\eubandr01,TOT,71,17.5,7.7,5.4,1.2,0.4,0.6,0.596,0.217,0.762,1.4,0.114,0.1,-1.2,,,0
Justin Holiday\holidju01,TOT,74,27.8,10.1,2.6,1.7,0.8,0.4,0.394,0.367,0.806,1.4,0.047,0.1,-1.7,,,0
Bryn Forbes\forbebr01,DEN,35,17.4,8.6,0.9,1,0.2,0.1,0.424,0.41,0.921,1.4,0.054,-0.3,-2.9,48,6,0
Drew Eubanks\eubandr01,SAS,49,12.1,4.7,4,1,0.3,0.6,0.528,0.125,0.747,1.4,0.114,0.1,-1.2,34,10,0
Derrick Favors\favorde01,OKC,39,16.7,5.3,4.7,0.6,0.4,0.3,0.516,0.125,0.64,1.4,0.105,0,-2.1,24,14,0
Bryn Forbes\forbebr01,SAS,40,16.9,9.1,1.6,1,0.4,0.1,0.432,0.417,0.898,1.4,0.054,-0.3,-2.9,34,10,0
Bryn Forbes\forbebr01,TOT,75,17.1,8.8,1.2,1,0.3,0.1,0.429,0.414,0.908,1.4,0.054,-0.3,-2.9,,,0
Domantas Sabonis\sabondo01,TOT,62,34.5,18.9,12.1,5.2,1,0.4,0.573,0.312,0.741,1.4,0.132,0.5,2.3,,,0
Enes Freedom\kanteen01,BOS,35,11.7,3.7,4.6,0.2,0.1,0.4,0.526,0.4,0.857,1.4,0.16,0.1,-1.4,51,2,0
Domantas Sabonis\sabondo01,IND,47,34.7,18.9,12.1,5,1,0.5,0.58,0.324,0.74,1.4,0.132,0.5,2.3,25,13,0
Justin Holiday\holidju01,TOT,74,27.8,10.1,2.6,1.7,0.8,0.4,0.394,0.367,0.806,1.4,0.033,-0.1,-2.2,,,0
Isaiah Jackson\jacksis01,IND,36,15,8.3,4.1,0.3,0.7,1.4,0.563,0.313,0.682,1.4,0.126,0.1,-1.5,25,13,0
DeAndre Jordan\jordade01,LAL,32,12.8,4.1,5.4,0.4,0.3,0.8,0.674,,0.462,1.3,0.153,0.2,-0.6,33,11,0
DeAndre Jordan\jordade01,TOT,48,13,4.3,5.5,0.4,0.3,0.7,0.643,,0.55,1.3,0.153,0.2,-0.6,,,0
Paul Reed\reedpa01,PHI,38,7.9,3.1,2.4,0.4,0.9,0.4,0.563,0.25,0.429,1.3,0.212,0.3,2.1,51,4,0
Romeo Langford\langfro01,BOS,44,16.5,4.7,2.4,0.4,0.5,0.4,0.429,0.349,0.588,1.3,0.084,0.2,-1.2,51,2,0
Romeo Langford\langfro01,BOS,44,16.5,4.7,2.4,0.4,0.5,0.4,0.429,0.349,0.588,1.3,0.082,0.1,-1.4,51,2,0
Paul George\georgpa01,LAC,31,34.7,24.3,6.9,5.7,2.2,0.4,0.421,0.354,0.858,1.3,0.057,1.5,3.6,42,8,0
Romeo Langford\langfro01,TOT,48,16.1,4.5,2.3,0.4,0.5,0.3,0.435,0.341,0.548,1.3,0.084,0.2,-1.2,,,0
Moses Moody\moodymo01,GSW,52,11.7,4.4,1.5,0.4,0.1,0.2,0.437,0.364,0.778,1.3,0.101,-0.1,-2.5,53,3,0
Romeo Langford\langfro01,TOT,48,16.1,4.5,2.3,0.4,0.5,0.3,0.435,0.341,0.548,1.3,0.082,0.1,-1.4,,,0
Seth Curry\curryse01,TOT,64,33.4,15,3.1,3.6,0.8,0.2,0.487,0.422,0.872,1.3,0.112,0.4,0.7,,,0
Thaddeus Young\youngth01,TOT,52,16.3,6.2,4,2,1,0.3,0.518,0.354,0.469,1.3,0.127,0.5,2,,,0
Danuel House Jr.\houseda01,TOT,42,17.3,5.9,2.6,1,0.5,0.4,0.404,0.376,0.759,1.3,0.125,0.4,1.2,,,0
Seth Curry\curryse01,PHI,45,34.8,15,3.4,4,0.8,0.2,0.485,0.4,0.877,1.3,0.112,0.4,0.7,51,4,0
Ricky Rubio\rubiori01,CLE,34,28.5,13.1,4.1,6.6,1.4,0.2,0.363,0.339,0.854,1.3,0.064,0.5,0.2,44,8,0
Trent Forrest\forretr01,UTA,60,12.8,3.3,1.7,1.8,0.5,0.1,0.49,0.185,0.792,1.3,0.084,0.2,-1,49,5,0
David Nwaba\nwabada01,HOU,46,13.2,5.1,3.3,0.8,0.6,0.4,0.483,0.306,0.716,1.3,0.105,0.2,-0.6,20,15,0
Eric Bledsoe\bledser01,LAC,54,25.2,9.9,3.4,4.2,1.3,0.4,0.421,0.313,0.761,1.3,0.047,0.4,-0.8,42,8,0
Tony Bradley\bradlto01,CHI,55,10,3,3.4,0.5,0.2,0.6,0.585,,0.655,1.3,0.112,0,-1.8,46,6,0
Jeremy Lamb\lambje01,IND,39,15.7,7.1,2.4,1.3,0.6,0.4,0.373,0.333,0.838,1.2,0.063,0.3,-0.8,25,13,0
Lonnie Walker IV\walkelo01,SAS,70,23,12.1,2.6,2.2,0.6,0.3,0.407,0.314,0.784,1.2,0.037,-0.2,-2.5,34,10,0
Jevon Carter\carteje01,BRK,46,12,3.6,1.5,1,0.3,0.2,0.333,0.331,0.7,1.2,0.062,-0.1,-2.2,44,7,0
Torrey Craig\craigto01,IND,51,20.3,6.5,3.8,1.1,0.5,0.4,0.456,0.333,0.771,1.2,0.056,-0.1,-2.2,25,13,0
Zach Collins\colliza01,SAS,28,17.9,7.8,5.5,2.2,0.5,0.8,0.49,0.341,0.8,1.2,0.118,0.2,-0.2,34,10,0
Gorgui Dieng\dienggo01,ATL,44,8.4,3.5,2.8,0.8,0.3,0.3,0.473,0.426,0.731,1.2,0.155,0.4,2.1,43,9,0
Austin Rivers\riverau01,DEN,67,22.1,6,1.7,1.3,0.8,0.1,0.417,0.342,0.727,1.2,0.037,-0.7,-3.8,48,6,0
Torrey Craig\craigto01,TOT,78,20.5,6.6,4,1.2,0.6,0.5,0.454,0.329,0.75,1.2,0.056,-0.1,-2.2,,,0
Day'Ron Sharpe\sharpda01,BRK,32,12.2,6.2,5,0.5,0.3,0.5,0.577,0.286,0.585,1.2,0.152,-0.1,-2.8,44,7,0
Jevon Carter\carteje01,BRK,46,12,3.6,1.5,1,0.3,0.2,0.333,0.331,0.7,1.2,0.167,0.3,1.2,44,7,0
Jevon Carter\carteje01,TOT,66,13.7,4.2,1.7,1.5,0.4,0.2,0.387,0.388,0.833,1.2,0.167,0.3,1.2,,,0
Aaron Wiggins\wiggiaa01,OKC,50,24.2,8.3,3.6,1.4,0.6,0.2,0.463,0.304,0.729,1.2,0.048,-0.7,-4.3,24,14,0
Furkan Korkmaz\korkmfu01,PHI,67,21.1,7.6,2.6,1.9,0.5,0.1,0.387,0.289,0.81,1.2,0.041,-0.4,-3.1,51,4,0
Wesley Matthews\matthwe02,MIL,49,20.4,5.1,1.9,0.7,0.5,0.2,0.395,0.338,0.786,1.2,0.056,-0.3,-3.3,51,3,0
Moses Brown\brownmo01,TOT,40,8.6,4.3,3.4,0,0.2,0.4,0.593,,0.597,1.2,0.16,-0.1,-3.3,,,0
Rodney McGruder\mcgruro01,DET,51,14.8,5.4,2.2,0.9,0.4,0.1,0.436,0.397,0.731,1.2,0.075,0.1,-1.4,23,14,0
Jeremy Lamb\lambje01,TOT,56,16.7,7.3,2.8,1.4,0.6,0.4,0.383,0.324,0.84,1.2,0.063,0.3,-0.8,,,0
Jevon Carter\carteje01,TOT,66,13.7,4.2,1.7,1.5,0.4,0.2,0.387,0.388,0.833,1.2,0.062,-0.1,-2.2,,,0
Avery Bradley\bradlav01,LAL,62,22.7,6.4,2.2,0.8,0.9,0.1,0.423,0.39,0.889,1.2,0.04,-0.6,-3.6,33,11,0
Marvin Bagley III\baglema01,SAC,30,21.9,9.3,7.2,0.6,0.3,0.4,0.463,0.242,0.745,1.1,0.107,0.2,-0.6,30,12,0
Torrey Craig\craigto01,TOT,78,20.5,6.6,4,1.2,0.6,0.5,0.454,0.329,0.75,1.1,0.096,0.1,-1.1,,,0
Marvin Bagley III\baglema01,TOT,48,23.9,11.3,7,0.8,0.5,0.4,0.504,0.237,0.663,1.1,0.107,0.2,-0.6,,,0
Robert Covington\covinro01,POR,48,29.8,7.6,5.7,1.4,1.5,1.3,0.381,0.343,0.833,1.1,0.037,0.3,-1.3,27,13,0
Buddy Hield\hieldbu01,TOT,81,30.9,15.6,4.4,2.8,0.9,0.3,0.406,0.366,0.874,1.1,0.059,0.2,-1.1,,,0
Buddy Hield\hieldbu01,SAC,55,28.6,14.4,4,1.9,0.9,0.3,0.382,0.368,0.87,1.1,0.059,0.2,-1.1,30,12,0
Serge Ibaka\ibakase01,TOT,54,16.2,6.8,4.6,0.9,0.2,0.6,0.5,0.374,0.727,1.1,0.096,0.1,-1,,,0
Torrey Craig\craigto01,IND,51,20.3,6.5,3.8,1.1,0.5,0.4,0.456,0.333,0.771,1.1,0.096,0.1,-1.1,25,13,0
Jalen Smith\smithja04,PHO,29,13.2,6,4.8,0.2,0.2,0.6,0.46,0.231,0.769,1.1,0.137,0,-2.3,64,1,0
Sandro Mamukelashvili\mamuksa01,MIL,41,9.9,3.8,2,0.5,0.2,0.2,0.496,0.423,0.818,1.1,0.135,0.2,-0.3,51,3,0
De'Andre Hunter\huntede01,ATL,53,29.8,13.4,3.3,1.3,0.7,0.4,0.442,0.379,0.765,1.1,0.034,-0.8,-3.9,43,9,0
Serge Ibaka\ibakase01,LAC,35,15.4,6.6,4.3,1,0.2,0.7,0.49,0.387,0.69,1.1,0.096,0.1,-1,42,8,0
Jalen Smith\smithja04,TOT,51,18.1,9.2,6,0.5,0.3,0.8,0.503,0.328,0.765,1.1,0.137,0,-2.3,,,0
Talen Horton-Tucker\hortota01,LAL,60,25.2,10,3.2,2.7,1,0.5,0.416,0.269,0.8,1.1,0.033,-0.5,-3.3,33,11,0
Robert Covington\covinro01,TOT,71,27.3,8.5,5.5,1.3,1.5,1.3,0.42,0.378,0.841,1.1,0.037,0.3,-1.3,,,0
Malachi Flynn\flynnma01,TOR,44,12.2,4.3,1.4,1.6,0.5,0.1,0.393,0.333,0.625,1,0.092,0.1,-1.5,48,5,0
Tomáš Satoranský\satorto01,NOP,32,15,2.8,2,2.4,0.4,0,0.299,0.161,0.76,1,0.12,0.1,-1.3,36,9,0
DeMarcus Cousins\couside01,DEN,31,13.9,8.9,5.5,1.7,0.6,0.4,0.456,0.324,0.736,1,0.162,0.2,0.6,48,6,0
Tristan Thompson\thomptr01,SAC,30,15.2,6.2,5.4,0.6,0.4,0.4,0.503,1,0.533,1,0.126,0,-1.7,30,12,0
Tomáš Satoranský\satorto01,NOP,32,15,2.8,2,2.4,0.4,0,0.299,0.161,0.76,1,0.056,-0.4,-3.6,36,9,0
Tristan Thompson\thomptr01,TOT,57,15.7,6,5.1,0.6,0.4,0.4,0.528,0.333,0.526,1,0.126,0,-1.7,,,0
Thaddeus Young\youngth01,TOT,52,16.3,6.2,4,2,1,0.3,0.518,0.354,0.469,1,0.124,0.4,2.4,,,0
Wayne Ellington\ellinwa01,LAL,43,18.8,6.7,1.8,0.7,0.5,0.1,0.414,0.389,0.818,1,0.062,0.1,-1.4,33,11,0
DeMarcus Cousins\couside01,TOT,48,15,9,5.6,1.5,0.7,0.4,0.46,0.303,0.76,1,0.162,0.2,0.6,,,0
Nathan Knight\knighna01,MIN,37,7.2,3.7,2.3,0.6,0.2,0.2,0.511,0.308,0.733,1,0.171,0.1,-0.6,46,7,0
Tomáš Satoranský\satorto01,TOT,55,16.5,3.6,2.3,3.3,0.5,0.1,0.377,0.208,0.796,1,0.12,0.1,-1.3,,,0
Josh Hart\hartjo01,NOP,41,33.5,13.4,7.8,4.1,1.1,0.3,0.505,0.323,0.753,1,0.112,0.4,1.9,36,9,0
Josh Richardson\richajo01,BOS,44,24.7,9.7,2.8,1.5,0.8,0.5,0.443,0.397,0.859,1,0.091,0.2,-0.2,51,2,0
Tomáš Satoranský\satorto01,TOT,55,16.5,3.6,2.3,3.3,0.5,0.1,0.377,0.208,0.796,1,0.056,-0.4,-3.6,,,0
Cam Reddish\reddica01,TOT,49,20.7,10.1,2.1,1,1,0.3,0.404,0.359,0.902,1,0.046,0.2,-1.3,,,0
Cam Reddish\reddica01,ATL,34,23.4,11.9,2.5,1.1,1,0.3,0.402,0.379,0.9,1,0.046,0.2,-1.3,43,9,0
Josh Hart\hartjo01,TOT,54,33.2,14.9,7.2,4.1,1.1,0.2,0.504,0.343,0.758,1,0.112,0.4,1.9,,,0
CJ McCollum\mccolcj01,TOT,62,34.6,22.1,4.3,5.1,1.1,0.4,0.46,0.388,0.682,1,0.04,0.7,0.1,,,0
Nick Richards\richani01,CHO,50,7.3,3,1.7,0.3,0.2,0.4,0.667,,0.698,1,0.125,-0.1,-2.8,43,10,0
Josh Richardson\richajo01,TOT,65,24.6,10.2,2.8,1.8,0.9,0.4,0.438,0.415,0.889,1,0.091,0.2,-0.2,,,0
CJ McCollum\mccolcj01,POR,36,35.2,20.5,4.3,4.5,1,0.6,0.436,0.384,0.706,1,0.04,0.7,0.1,27,13,0
Danuel House Jr.\houseda01,TOT,42,17.3,5.9,2.6,1,0.5,0.4,0.404,0.376,0.759,1,0.068,0.2,-1.1,,,0
Rajon Rondo\rondora01,TOT,39,17.9,4.8,2.8,4.4,0.8,0.2,0.386,0.352,0.731,1,0.119,0.2,0.3,,,0
Serge Ibaka\ibakase01,TOT,54,16.2,6.8,4.6,0.9,0.2,0.6,0.5,0.374,0.727,0.9,0.128,0,-2.4,,,0
Juancho Hernangómez\hernaju01,TOT,40,11.1,3.3,2.5,0.5,0.4,0.3,0.415,0.348,0.559,0.9,0.095,0.2,-0.6,,,0
Jeremy Lamb\lambje01,IND,39,15.7,7.1,2.4,1.3,0.6,0.4,0.373,0.333,0.838,0.9,0.07,0.2,-0.5,25,13,0
Marvin Bagley III\baglema01,SAC,30,21.9,9.3,7.2,0.6,0.3,0.4,0.463,0.242,0.745,0.9,0.068,-0.3,-3.5,30,12,0
Timothé Luwawu-Cabarrot\luwawti01,ATL,52,13.2,4.4,1.6,0.8,0.3,0.1,0.398,0.361,0.854,0.9,0.061,-0.2,-3.3,43,9,0
Juancho Hernangómez\hernaju01,TOT,40,11.1,3.3,2.5,0.5,0.4,0.3,0.415,0.348,0.559,0.9,0.149,0.3,2.2,,,0
Marvin Bagley III\baglema01,TOT,48,23.9,11.3,7,0.8,0.5,0.4,0.504,0.237,0.663,0.9,0.068,-0.3,-3.5,,,0
Serge Ibaka\ibakase01,LAC,35,15.4,6.6,4.3,1,0.2,0.7,0.49,0.387,0.69,0.9,0.128,0,-2.4,42,8,0
Aaron Holiday\holidaa01,TOT,63,16.2,6.3,1.9,2.4,0.7,0.1,0.447,0.379,0.868,0.9,0.125,0.1,-0.8,,,0
Dāvis Bertāns\bertada01,TOT,56,14.4,5.6,2.1,0.6,0.3,0.2,0.36,0.335,0.9,0.9,0.053,-0.1,-2.6,,,0
Frank Ntilikina\ntilila01,DAL,58,11.8,4.1,1.4,1.2,0.5,0.1,0.399,0.342,0.96,0.9,0.065,0,-2,52,4,0
Jeremy Lamb\lambje01,TOT,56,16.7,7.3,2.8,1.4,0.6,0.4,0.383,0.324,0.84,0.9,0.07,0.2,-0.5,,,0
Saben Lee\leesa01,DET,37,16.3,5.6,2.4,2.9,1,0.3,0.39,0.233,0.789,0.9,0.073,0.2,-0.4,23,14,0
Aaron Holiday\holidaa01,WAS,41,16.2,6.1,1.6,1.9,0.6,0.2,0.467,0.343,0.8,0.9,0.125,0.1,-0.8,35,12,0
Alex Len\lenal01,SAC,39,15.9,6,4.1,1.2,0.3,0.6,0.534,0.286,0.651,0.9,0.07,-0.1,-2.9,30,12,0
Dāvis Bertāns\bertada01,WAS,34,14.7,5.7,1.8,0.5,0.3,0.2,0.351,0.319,0.933,0.9,0.053,-0.1,-2.6,35,12,0
Thanasis Antetokounmpo\antetth01,MIL,48,9.9,3.6,2.1,0.5,0.3,0.3,0.547,0.143,0.63,0.9,0.095,-0.2,-3.5,51,3,0
Chris Duarte\duartch01,IND,55,28,13.1,4.1,2.1,1,0.2,0.432,0.369,0.804,0.9,0.029,-0.1,-2.3,25,13,0
D.J. Augustin\augusdj01,HOU,34,15,5.4,1.2,2.2,0.3,0,0.404,0.406,0.868,0.8,0.043,-0.4,-3.6,20,15,0
Sterling Brown\brownst02,DAL,49,12.8,3.3,3,0.7,0.3,0.1,0.381,0.304,0.933,0.8,0.061,-0.1,-2.9,52,4,0
Justise Winslow\winslju01,TOT,48,16.1,5.7,4.2,1.8,0.7,0.5,0.428,0.227,0.591,0.8,0.048,0.1,-1.7,,,0
Kevin Porter Jr.\porteke02,HOU,61,31.3,15.6,4.4,6.2,1.1,0.4,0.415,0.375,0.642,0.8,0.021,0.2,-1.6,20,15,0
Marquese Chriss\chrisma01,DAL,34,10.2,4.5,3,0.5,0.4,0.4,0.463,0.32,0.667,0.8,0.108,-0.2,-3.8,52,4,0
Justin Champagnie\champju01,TOR,36,7.8,2.3,2,0.3,0.2,0.1,0.463,0.357,1,0.8,0.138,0,-2,48,5,0
D.J. Augustin\augusdj01,TOT,55,16.1,5.3,1.2,1.9,0.3,0,0.423,0.415,0.884,0.8,0.043,-0.4,-3.6,,,0
Svi Mykhailiuk\mykhasv01,TOR,56,12.8,4.6,1.6,0.8,0.5,0.1,0.389,0.306,0.865,0.8,0.052,-0.2,-2.9,48,5,0
Donte DiVincenzo\divindo01,TOT,42,24,9,4,2.8,1.1,0.2,0.351,0.339,0.843,0.8,0.058,0.2,-0.6,,,0
Justise Winslow\winslju01,LAC,37,12.9,4.2,3.6,1.4,0.6,0.5,0.447,0.172,0.61,0.8,0.048,0.1,-1.7,42,8,0
Naji Marshall\marshna01,NOP,55,13.4,5.7,2.6,1.1,0.6,0.1,0.405,0.2,0.796,0.8,0.05,-0.2,-3.2,36,9,0
Moses Brown\brownmo01,TOT,40,8.6,4.3,3.4,0,0.2,0.4,0.593,,0.597,0.8,0.207,0,-1.9,,,0
Dylan Windler\windldy01,CLE,50,9.2,2.2,1.8,0.7,0.3,0.1,0.378,0.3,0.833,0.8,0.084,0,-1.7,44,8,0
Ben McLemore\mclembe01,POR,64,20.1,10.2,1.6,0.9,0.6,0.2,0.401,0.362,0.818,0.8,0.031,-0.4,-3.2,27,13,0
Lance Stephenson\stephla01,IND,40,18.6,9.3,2.8,3.9,0.6,0.1,0.458,0.31,0.795,0.8,0.048,-0.2,-3.1,25,13,0
Garrett Temple\templga01,NOP,59,18.6,5.2,2.4,1.3,0.7,0.4,0.376,0.319,0.683,0.8,0.037,-0.1,-2.5,36,9,0
Lance Stephenson\stephla01,TOT,46,17.7,8.3,2.8,3.6,0.5,0.1,0.455,0.3,0.788,0.8,0.055,-0.1,-2.7,,,0
Lance Stephenson\stephla01,TOT,46,17.7,8.3,2.8,3.6,0.5,0.1,0.455,0.3,0.788,0.8,0.048,-0.2,-3.1,,,0
Robin Lopez\lopezro01,ORL,36,17,7.1,3.5,1.5,0.1,0.5,0.553,0.333,0.593,0.8,0.064,-0.3,-3.8,22,15,0
Cam Thomas\thomaca02,BRK,67,17.6,8.5,2.4,1.2,0.5,0.1,0.433,0.27,0.829,0.8,0.033,-0.4,-3.4,44,7,0
Lance Stephenson\stephla01,IND,40,18.6,9.3,2.8,3.9,0.6,0.1,0.458,0.31,0.795,0.8,0.055,-0.1,-2.7,25,13,0
Luka Garza\garzalu01,DET,32,12.2,5.8,3.1,0.6,0.3,0.2,0.449,0.327,0.623,0.8,0.093,-0.1,-2.5,23,14,0
Ish Smith\smithis01,WAS,28,22,8.6,3,5.2,1,0.5,0.457,0.357,0.6,0.7,0.052,0.1,-1.5,35,12,0
Ish Smith\smithis01,CHO,37,13.8,4.5,1.5,2.6,0.5,0.3,0.395,0.4,0.632,0.7,0.052,0.1,-1.5,43,10,0
Ish Smith\smithis01,TOT,65,17.3,6.3,2.2,3.8,0.7,0.4,0.43,0.373,0.625,0.7,0.052,0.1,-1.5,,,0
Bryn Forbes\forbebr01,DEN,35,17.4,8.6,0.9,1,0.2,0.1,0.424,0.41,0.921,0.7,0.054,-0.4,-4.3,48,6,0
Bryn Forbes\forbebr01,DEN,35,17.4,8.6,0.9,1,0.2,0.1,0.424,0.41,0.921,0.7,0.053,0.1,-1.6,48,6,0
Caris LeVert\leverca01,TOT,58,30.7,17,3.7,4.3,0.9,0.4,0.444,0.32,0.756,0.7,0.057,-0.2,-3.1,,,0
Bryn Forbes\forbebr01,SAS,40,16.9,9.1,1.6,1,0.4,0.1,0.432,0.417,0.898,0.7,0.054,-0.4,-4.3,34,10,0
Bryn Forbes\forbebr01,SAS,40,16.9,9.1,1.6,1,0.4,0.1,0.432,0.417,0.898,0.7,0.053,0.1,-1.6,34,10,0
Rajon Rondo\rondora01,TOT,39,17.9,4.8,2.8,4.4,0.8,0.2,0.386,0.352,0.731,0.7,0.048,0.1,-1.7,,,0
Caris LeVert\leverca01,IND,39,31.1,18.7,3.8,4.4,0.9,0.5,0.447,0.323,0.76,0.7,0.057,-0.2,-3.1,25,13,0
Bryn Forbes\forbebr01,TOT,75,17.1,8.8,1.2,1,0.3,0.1,0.429,0.414,0.908,0.7,0.054,-0.4,-4.3,,,0
Bryn Forbes\forbebr01,TOT,75,17.1,8.8,1.2,1,0.3,0.1,0.429,0.414,0.908,0.7,0.053,0.1,-1.6,,,0
Buddy Hield\hieldbu01,TOT,81,30.9,15.6,4.4,2.8,0.9,0.3,0.406,0.366,0.874,0.7,0.023,0.3,-1.3,,,0
Buddy Hield\hieldbu01,SAC,55,28.6,14.4,4,1.9,0.9,0.3,0.382,0.368,0.87,0.7,0.023,0.3,-1.3,30,12,0
Frank Jackson\jacksfr01,DET,53,22,10.6,1.6,1,0.5,0.2,0.402,0.308,0.827,0.7,0.031,-0.4,-3.5,23,14,0
Jalen Green\greenja05,HOU,67,31.9,17.3,3.4,2.6,0.7,0.3,0.426,0.343,0.797,0.7,0.015,-0.5,-2.9,20,15,0
Yuta Watanabe\watanyu01,TOR,38,11.7,4.3,2.4,0.6,0.3,0.4,0.406,0.342,0.6,0.7,0.075,0,-2,48,5,0
Donte DiVincenzo\divindo01,TOT,42,24,9,4,2.8,1.1,0.2,0.351,0.339,0.843,0.7,0.035,-0.1,-2.3,,,0
Norman Powell\powelno01,TOT,45,32.4,19,3.2,2.1,0.9,0.5,0.461,0.419,0.811,0.7,0.272,0.3,7.7,,,0
Gary Clark\clarkga01,NOP,38,9.9,2.7,2.4,0.5,0.3,0.2,0.375,0.4,0.7,0.7,0.092,0.2,0.1,36,9,0
Brandon Goodwin\goodwbr01,CLE,36,13.9,4.8,1.9,2.5,0.7,0,0.416,0.345,0.632,0.7,0.069,0.1,-1.6,44,8,0
Rodney Hood\hoodro01,MIL,39,14.9,3.3,1.7,0.8,0.3,0.1,0.351,0.3,0.929,0.7,0.048,-0.2,-3.3,51,3,0
Josh Okogie\okogijo01,MIN,49,10.5,2.7,1.4,0.5,0.5,0.2,0.404,0.298,0.686,0.7,0.062,-0.1,-2.7,46,7,0
Norman Powell\powelno01,POR,40,33.3,18.7,3.3,2.1,1,0.4,0.456,0.406,0.803,0.7,0.272,0.3,7.7,27,13,0
Rodney Hood\hoodro01,TOT,52,13.6,3.1,1.5,0.7,0.3,0.1,0.369,0.33,0.895,0.7,0.048,-0.2,-3.3,,,0
DeAndre Jordan\jordade01,TOT,48,13,4.3,5.5,0.4,0.3,0.7,0.643,,0.55,0.6,0.131,0,-3,,,0
Ish Wainright\wainris01,PHO,45,8,2.4,1.2,0.3,0.4,0.1,0.394,0.322,0.583,0.6,0.079,0,-2,64,1,0
Killian Tillie\tilliki02,MEM,36,12.8,3.3,1.7,0.6,0.6,0.4,0.339,0.314,0.625,0.6,0.058,-0.1,-2.7,56,2,0
Jordan Nwora\nworajo01,MIL,62,19.1,7.9,3.6,1,0.4,0.3,0.403,0.348,0.837,0.6,0.025,-0.6,-4.1,51,3,0
Tristan Thompson\thomptr01,SAC,30,15.2,6.2,5.4,0.6,0.4,0.4,0.503,1,0.533,0.6,0.065,-0.2,-3.7,30,12,0
Dāvis Bertāns\bertada01,WAS,34,14.7,5.7,1.8,0.5,0.3,0.2,0.351,0.319,0.933,0.6,0.098,0.1,-0.6,35,12,0
Tristan Thompson\thomptr01,TOT,57,15.7,6,5.1,0.6,0.4,0.4,0.528,0.333,0.526,0.6,0.065,-0.2,-3.7,,,0
Matt Thomas\thomama02,CHI,40,11.5,4,1.3,0.5,0.2,0.1,0.41,0.385,0.8,0.6,0.058,-0.1,-2.6,46,6,0
Justise Winslow\winslju01,LAC,37,12.9,4.2,3.6,1.4,0.6,0.5,0.447,0.172,0.61,0.6,0.056,0.1,-1.5,42,8,0
D.J. Augustin\augusdj01,HOU,34,15,5.4,1.2,2.2,0.3,0,0.404,0.406,0.868,0.6,0.079,-0.1,-2.6,20,15,0
Justise Winslow\winslju01,TOT,48,16.1,5.7,4.2,1.8,0.7,0.5,0.428,0.227,0.591,0.6,0.056,0.1,-1.5,,,0
Vit Krejci\krejcvi01,OKC,30,23,6.2,3.4,1.9,0.6,0.3,0.407,0.327,0.864,0.6,0.042,-0.6,-5.3,24,14,0
D.J. Augustin\augusdj01,TOT,55,16.1,5.3,1.2,1.9,0.3,0,0.423,0.415,0.884,0.6,0.079,-0.1,-2.6,,,0
DeAndre Jordan\jordade01,LAL,32,12.8,4.1,5.4,0.4,0.3,0.8,0.674,,0.462,0.6,0.131,0,-3,33,11,0
Cam Reddish\reddica01,TOT,49,20.7,10.1,2.1,1,1,0.3,0.404,0.359,0.902,0.6,0.034,0.1,-1.5,,,0
Lou Williams\willilo02,ATL,56,14.3,6.3,1.6,1.9,0.5,0.1,0.391,0.363,0.859,0.6,0.034,-0.3,-3.4,43,9,0
Dāvis Bertāns\bertada01,TOT,56,14.4,5.6,2.1,0.6,0.3,0.2,0.36,0.335,0.9,0.6,0.098,0.1,-0.6,,,0
DeMarcus Cousins\couside01,TOT,48,15,9,5.6,1.5,0.7,0.4,0.46,0.303,0.76,0.6,0.065,-0.1,-3.1,,,0
Cam Reddish\reddica01,ATL,34,23.4,11.9,2.5,1.1,1,0.3,0.402,0.379,0.9,0.6,0.034,0.1,-1.5,43,9,0
Kessler Edwards\edwarke02,BRK,48,20.6,5.9,3.6,0.6,0.6,0.5,0.412,0.353,0.842,0.6,0.031,-0.5,-3.8,44,7,0
DeMarcus Cousins\couside01,DEN,31,13.9,8.9,5.5,1.7,0.6,0.4,0.456,0.324,0.736,0.6,0.065,-0.1,-3.1,48,6,0